<?xml version="1.0" encoding="UTF-8"?>
<?xml-stylesheet type="text/xsl" href="helma.xsl"?>
<xmlroot xmlns:hop="http://www.helma.org/docs/guide/features/database">
  <hopobject id="t1147168908" name="HopObject" prototype="HopObject" created="1523898071970" lastModified="1523898071971">
    <exporter>NeonWilderness</exporter>
    <modifier>NeonWilderness</modifier>
    <creator>NeonWilderness</creator>
    <fullexport type="boolean">false</fullexport>
    <alias>export</alias>
    <preferences id="t1147168909" name="preferences" prototype="HopObject" created="1523898071970" lastModified="1523898071971">
    <hop:parent idref="t1147168908" prototyperef="HopObject"/>
      <bgcolor>6a3a09</bgcolor>
      <copyright>(C) 2015 NeonWilderness</copyright>
      <orientation>2c_left_right</orientation>
      <textfont>Georgia, Arial, Helvetica, sans-serif</textfont>
      <titlefont>Georgia, Arial, Helvetica, sans-serif</titlefont>
      <textsize>11px</textsize>
      <titlesize>14px</titlesize>
      <vlinkcolor>bf6000</vlinkcolor>
      <smallcolor>6a6a6a</smallcolor>
      <titlecolor>95510c</titlecolor>
      <linkcolor>bf6000</linkcolor>
      <importantimages></importantimages>
      <email>neonwilderness@ymail.com</email>
      <allowedorientations>2c_center_left;2c_full_left;2c_left_left;2c_center_right;2c_full_right;2c_left_right;3c_full</allowedorientations>
      <alinkcolor>bf6000</alinkcolor>
      <linecolor>d5d5d5</linecolor>
      <blockcolor>ffffff</blockcolor>
      <smallfont>Georgia, Arial, Helvetica, sans-serif</smallfont>
      <smallsize>10px</smallsize>
      <textcolor>6a6a6a</textcolor>
    </preferences>
    <createtime type="date">14.04.2015 12:38:34 CEST</createtime>
    <exporttime type="date">16.04.2018 19:01:11 CEST</exporttime>
    <title>Twoday Export</title>
    <locale>de</locale>
    <modifytime type="date">16.04.2018 19:00:41 CEST</modifytime>
    <parent>headerf100prozent</parent>
    <description>Dieses Layout ermöglicht einen selektiven oder vollständigen Export des eigenen Twoday-Blogs in korrektem Movable-Type Format.</description>
  </hopobject>
</xmlroot>
